id,name,price,image,specifications,features,warranty
1,Samsung A20s,14000,https://ik.imagekit.io/pve74zqrg/Samsung/SAMSUNG%20Galaxy%20A34%205G%20+%204G%20LTE%20(128GB%20+%206GB)%20Unlocked%20Worldwide%20(Only%20T-Mobile_Mint_Metro%20USA%20Market.jpeg?updatedAt=1711698458416,Triple Camera,64 Mp camera, 1 year warranty
2,Smart Watch,1999,https://ik.imagekit.io/pve74zqrg/home/pngwing.com%20(7).png?updatedAt=1711699548763
3,Boat Airdopes,900,https://ik.imagekit.io/pve74zqrg/home/white%20air%20dopes.png?updatedAt=1710349079942,Low Cost Better Quality Airdope,Long Battery Life,1 year warranty
4,Asian Shoes & Sneakers,799,https://ik.imagekit.io/pve74zqrg/home/blue%20shoe.png?updatedAt=1710349004602,Long Life,Branded Shoe,6 months warranty
5,Boss Perfume,500,https://ik.imagekit.io/indueo3hy/cosmotics/12%20Best%20Perfumes%20for%20Men%20to%20Buy%20Right%20Now%20_%20GQ%20India.jpeg?updatedAt=1711881565072
6,Vanil Perfume,400,https://ik.imagekit.io/indueo3hy/cosmotics/Une%20Vanille%20Eau%20de%20Parfum%20-%200_7ML%20Sample.jpeg?updatedAt=1711881566143
7,Olay Moisturizer,400,https://ik.imagekit.io/indueo3hy/cosmotics/11%20Skin-Care%20Products%20Women%20in%20Their%2050s%20and%2060s%20Have%20Been%20Using%20for%20Years.jpeg?updatedAt=1711881578904
8,Womens Perfume,300,https://ik.imagekit.io/indueo3hy/cosmotics/Los%2028%20mejores%20perfumes%20para%20las%20mujeres%20indecisas.jpeg?updatedAt=1711881566137
9,Boat,1099,https://ik.imagekit.io/pve74zqrg/home/boat.png?updatedAt=1710349004012,Branded Quality Airdope,Long Battery Life,1 Year Warranty
10,Fastrack Smart watch,2000,https://ik.imagekit.io/pve74zqrg/home/black%20watch.png?updatedAt=1710348996196
11,WINGS,2500,https://ik.imagekit.io/pve74zqrg/home/wings.png?updatedAt=1710349064487,Quality Airdope
12,true,799,https://ik.imagekit.io/pve74zqrg/home/kisspng-airpods-noise-cancelling-headphones-headset-microp-airpods-2-5d25370605b003.9430531715627200060233.png?updatedAt=1710520989730,Quality Airdope
13,Noise Smart watch,2799,https://ik.imagekit.io/pve74zqrg/home/white%20watch.png?updatedAt=1710349066261
14,BOULT,999,https://ik.imagekit.io/pve74zqrg/home/boult.png?updatedAt=1710348993359,Quality Airdope
15,Black t-shirt,350,https://ik.imagekit.io/pve74zqrg/home/YITAN%20Letter%20Funny%20O%20Neck%20Women%20T%20Shirts%20Top.jpeg?updatedAt=1711791969617
16,JBL,899,https://ik.imagekit.io/pve74zqrg/home/jbl.png?updatedAt=1710349040631
17,Dove Body Wash,300,https://ik.imagekit.io/pve74zqrg/home/bigdove.png?updatedAt=1710348998266
18,Dove Dryness Care,300,https://ik.imagekit.io/pve74zqrg/home/smalldove.png?updatedAt=1710349037197
19,Dove Dryness Relaxing BOdy Care,800,https://ik.imagekit.io/pve74zqrg/home/bluedove.png?updatedAt=1710349000639
20,Titan Watch,2000,https://ik.imagekit.io/pve74zqrg/spor/Rolex-Watch-PNG-Free-Image.png?updatedAt=1710674460710
21,shoes,1000,https://ik.imagekit.io/pve74zqrg/spor/running-shoes-png-24607.png?updatedAt=1710827951142
22,Nivea Moisturizer,200,https://ik.imagekit.io/indueo3hy/cosmotics/Trust%20Me_%20These%20Body%20Lotions%20Will%20Quench%20Your%20Thirsty%20Skin.jpeg?updatedAt=1711881566646
23,Neutrogena Moisturizer,1000,https://ik.imagekit.io/indueo3hy/cosmotics/The%2015%20Best%20Oil-Free%20Moisturizers%20with%20a%20Lightweight%20Finish.jpeg?updatedAt=1711881578004
24,kid's Room Shelves,12000,https://ik.imagekit.io/pve74zqrg/furn/50%20Clever%20Kid_s%20Bedroom%20Storage%20Ideas%20You%20Won_t%20Want%20To%20Miss.jpeg?updatedAt=1711805141665
25,Kid's Room Swing,2000,https://ik.imagekit.io/pve74zqrg/furn/36%20Things%20For%20Your%20Living%20Room%20You'll%20Wish%20You'd%20Bought%20Years%20Ago.jpeg?updatedAt=1711805141666
26,Bicycle,4500,https://ik.imagekit.io/pve74zqrg/home/cycle.png?updatedAt=1710349018348
27,Kid's Room Double Tucker Bed,23000,https://ik.imagekit.io/pve74zqrg/furn/Boho%20Bed%20Design.jpeg?updatedAt=1711805142180
28,Modern Sofa,23000,https://ik.imagekit.io/pve74zqrg/furn/Heal's%20Wallis%203%20Seater%20Sofa%20Boucle%20Velvet%20Space%20Natural%20Feet.jpeg?updatedAt=1711804448577
29,Modern Sofa,21000,https://ik.imagekit.io/pve74zqrg/furn/Candelaria%20Contemporary%20Sofa%20by%20AD%20HOC.jpeg?updatedAt=1711804448663
30,Recliners,8149,https://ik.imagekit.io/pve74zqrg/furn/sofa.jpg?updatedAt=1710394429636
31,Beds,8000,https://ik.imagekit.io/pve74zqrg/furn/beds.jpg?updatedAt=1710396844209
32,Mattresses,2000,https://ik.imagekit.io/pve74zqrg/furn/Mattress-PNG-Photo-Image.png?updatedAt=1710394366979
33,Dining Sets,9949,https://ik.imagekit.io/pve74zqrg/furn/Dining%20Room%20Decor%20Ideas.jpeg?updatedAt=1710396235380
34,Bean Bags,999,https://ik.imagekit.io/pve74zqrg/furn/bean%20bags.jpg?updatedAt=1710394358466
35,Tv Units,1990,https://ik.imagekit.io/pve74zqrg/furn/tv%20units.jpg?updatedAt=1710394400928
36,Shoe Racks,290,https://ik.imagekit.io/pve74zqrg/furn/shoeracks.jpg?updatedAt=1710394384753
37,Wardrobes,6549,https://ik.imagekit.io/pve74zqrg/furn/wardrobes.jpg?updatedAt=1710394401060
38,Bed's and More,2670,https://ik.imagekit.io/pve74zqrg/furn/bed%20room.jpg?updatedAt=1710394359719
39,Recliner,2999,https://ik.imagekit.io/pve74zqrg/furn/sofa.jpg?updatedAt=1710394429636
40,Bedside Tabel,4000,https://ik.imagekit.io/pve74zqrg/furn/Hollywood%20Regency%20Style%20Ebonized%20Cabinet.jpg?updatedAt=1710394365366
41,Pet Beds,1000,https://ik.imagekit.io/pve74zqrg/furn/pet%20beds.jpg?updatedAt=1710394427265
42,Dressing Table,9999,https://ik.imagekit.io/pve74zqrg/furn/New%20dressing%20table%20online%20at%20wooden%20street.jpeg?updatedAt=1710396653577
43,Kitchen trolleys,8799,https://ik.imagekit.io/pve74zqrg/furn/kitchen%20trolleys.jpg?updatedAt=1710394364663
44,Ottomans & Pouffers,5432,https://ik.imagekit.io/pve74zqrg/furn/ottomans.jpg?updatedAt=1710394365167
45,Room Dividers,6310,https://ik.imagekit.io/pve74zqrg/furn/room%20dividers.jpg?updatedAt=1710394374673
46,Bar Cabinet,10000,https://ik.imagekit.io/pve74zqrg/furn/bar%20cabinets.jpg?updatedAt=1710394358457
47,Nesting Tables,2000,https://ik.imagekit.io/pve74zqrg/furn/nesting%20tables.png?updatedAt=1710394365416
48,Outdoor Sets,15000,https://ik.imagekit.io/pve74zqrg/furn/outdoor%20sets.jpg?updatedAt=1710394418264
49,Coasts & Umberlla Stands,1500,https://ik.imagekit.io/pve74zqrg/furn/coasts.jpg?updatedAt=1710394357984
50,Floor Seating Chairs,899,https://ik.imagekit.io/pve74zqrg/furn/floor%20sitting.jpg?updatedAt=1710394358604
51,Study Table ,699,https://ik.imagekit.io/pve74zqrg/furn/Buy%20Wooden%20Study%20Table%20Online%20@Upto%2075_%20Off%20in%20India%20_%20%20Wooden%20Street.jpeg?updatedAt=1711802428542
52,Side Tables,400,https://ik.imagekit.io/pve74zqrg/furn/Hollywood%20Regency%20Style%20Ebonized%20Cabinet.jpg?updatedAt=1710394365366
53,Dressing Tables,3500,https://ik.imagekit.io/pve74zqrg/furn/dressing%20tables.jpg?updatedAt=1710394357805
54,Study Table Medium,999,https://ik.imagekit.io/pve74zqrg/furn/Best%20Wooden%20Study%20tables%20-%20Wooden%20Street.jpeg?updatedAt=1711802429428
55,Laptop Table Small,800,https://ik.imagekit.io/pve74zqrg/furn/Sofa%20Table%20TV%20Tray%20Super%20Top%20Laptop%20Desk%20Removable%20Side%20Table%20for%20Livi.jpeg?updatedAt=1711802987333
56,Laptop Table,700,https://ik.imagekit.io/pve74zqrg/furn/6d228df1-512a-460e-ab9d-80fe3238073b.jpeg?updatedAt=1711802429533
57,Sofas,2500,https://ik.imagekit.io/pve74zqrg/furn/sofa.png?updatedAt=1710395598175
58,Mattress,900,https://ik.imagekit.io/pve74zqrg/furn/Top%20Pocket%20Spring%20Medium%20Firm%20Premium%20Foam%2025CM%20-%20King%20Single.jpeg?updatedAt=1711803940128
59,Dining Table,12000,https://ik.imagekit.io/pve74zqrg/furn/Up%20to%2070_%20off%20on%206%20Seater%20Dining%20Table%20at%20Color%20Crush%20Sale.jpeg?updatedAt=1711803678857
60,Stool,1500,https://ik.imagekit.io/pve74zqrg/furn/Brooklyn%20Decker's%20Eclectic%20Texas%20Home%20Turns%20on%20the%20Southern%20Charm.jpeg?updatedAt=1710396233043
61,Dining Chair,2900,https://ik.imagekit.io/pve74zqrg/furn/8b5de52f-4f56-4b65-8963-8a9bf413b0e7.jpeg?updatedAt=1710396233941
62,Dining Set,12999,https://ik.imagekit.io/pve74zqrg/furn/Dining%20Room%20Decor%20Ideas.jpeg?updatedAt=1710396235380
63,Sofa,12000,https://ik.imagekit.io/pve74zqrg/furn/Olson%20Comfort%20Sleeper%20Sofa.jpeg?updatedAt=1711804448645
64,Sofa Kurl-on,20000,https://ik.imagekit.io/pve74zqrg/furn/Carson%20Three%20Seat%20Leather%20Sofa%20-%20Bali%20Cream.jpeg?updatedAt=1711804448491
65,Rocking Chairs,9999,https://ik.imagekit.io/pve74zqrg/furn/rocking%20chairs.jpg?updatedAt=1710394429487
66,Kid's Room Dual Beds,23999,https://ik.imagekit.io/pve74zqrg/furn/26%20Best%20Girl%20and%20Boy%20Shared%20Bedroom%20Design%20Ideas.jpeg?updatedAt=1711805142309
67,Book shelfs,4999,https://ik.imagekit.io/pve74zqrg/furn/Unique%20Bookshelf.jpeg?updatedAt=1710479061147
68,wardrobes,19999,https://ik.imagekit.io/pve74zqrg/furn/Stylish%20wordrobe%20designs%20ideas%202022.jpeg?updatedAt=1710519899298
69,Mattress,6799,https://ik.imagekit.io/pve74zqrg/furn/Tufted%20Reversible%20Sofa%20Lounge%20Daybed%20Couch%20Full%20Size%20Day%20Bed%20Corner%20Black%20by%20D&H.jpeg?updatedAt=1710435288999
70,Bed,16999,https://ik.imagekit.io/pve74zqrg/furn/download.jpeg?updatedAt=1710435290647
71,Mac,120000,https://ik.imagekit.io/pve74zqrg/acces/macbook.png?updatedAt=1710520836461
72,HP,59999,https://ik.imagekit.io/pve74zqrg/acces/computers.png?updatedAt=1710520815445
73,Canon,79890,https://ik.imagekit.io/pve74zqrg/acces/DSLR-Camera-Transparent-Background.png?updatedAt=1710520821846
74,Samsung,18990,https://ik.imagekit.io/pve74zqrg/acces/tablets.png?updatedAt=1710520877208
75,JBL,2999,https://ik.imagekit.io/pve74zqrg/acces/speakers.png?updatedAt=1710520883513
76,HP Laptop,49549,https://ik.imagekit.io/pve74zqrg/acces/laptop-10767.png?updatedAt=1710520835818
77,Fastrack,1299,https://ik.imagekit.io/pve74zqrg/spor/pngimg.com%20-%20watches_PNG9905.png?updatedAt=1710674454348
78,Realme,2999,https://ik.imagekit.io/pve74zqrg/acces/charger.png?updatedAt=1710520820352
79,Back Covers,299,https://ik.imagekit.io/pve74zqrg/acces/cases.png?updatedAt=1710564111385
80,redmi,1100,https://ik.imagekit.io/pve74zqrg/acces/power%20bank.png?updatedAt=1710520853599
81,Router,2999,https://ik.imagekit.io/pve74zqrg/acces/routerw.png?updatedAt=1710520856216
82,HP,11799,https://ik.imagekit.io/pve74zqrg/acces/printers.png?updatedAt=1710520859079
83,SD card,899,https://ik.imagekit.io/pve74zqrg/acces/sd%20card.png?updatedAt=1710520865049
84,Bar Speakers,3999,https://ik.imagekit.io/pve74zqrg/acces/sounbars.png?updatedAt=1710520878566
85,Firestick,1599,https://ik.imagekit.io/pve74zqrg/acces/fire%20stick.png?updatedAt=1710520819240
86,Philips,2600,https://ik.imagekit.io/pve74zqrg/acces/trimmer.png?updatedAt=1710520888071
87,Oppo,2999,https://ik.imagekit.io/pve74zqrg/acces/oppo%20air%20dopes.png?updatedAt=1710520855794
88,Asus Laptop,35990,https://ik.imagekit.io/pve74zqrg/acces/PngItem_688867.png?updatedAt=1710564353392
89,Air,899,https://ik.imagekit.io/pve74zqrg/kisspng-airpods-noise-cancelling-headphones-headset-microp-airpods-2-5d25370605b003.9430531715627200060233.png?updatedAt=1710520958183,Wireless Earbuds
90,Osmo Camera,17800,https://ik.imagekit.io/pve74zqrg/acces/osmo%20main.png?updatedAt=1710520856004
91,Osmo Packet,999,https://ik.imagekit.io/pve74zqrg/acces/osmo1.png?updatedAt=1710520837003
92,Combo Osmo Sets,1999,https://ik.imagekit.io/pve74zqrg/acces/osmo2.png?updatedAt=1710520854091
93,HP Printer,23000,https://ik.imagekit.io/pve74zqrg/acces/printers.png?updatedAt=1710520859079
94,Ink Refills For Printer,3000,https://ik.imagekit.io/pve74zqrg/acces/refill.png?updatedAt=1710520872660
95,Combo For Printer Sets,25000,https://ik.imagekit.io/pve74zqrg/acces/printer-22037.png?updatedAt=1710520866914
96,Philips,1799,https://ik.imagekit.io/pve74zqrg/acces/trimmer.png?updatedAt=1710520888071,Branded Trimmer,Water Resistance,1 Year Warranty
97,Nova,990,https://ik.imagekit.io/pve74zqrg/acces/trimmer2.png?updatedAt=1710520891084,Branded Trimmer,Water Resistance,1 Year Warranty
98,Trimmer Plates,399,https://ik.imagekit.io/pve74zqrg/acces/blades.png?updatedAt=1710520820356
99,Go pro Camera,34000,https://ik.imagekit.io/pve74zqrg/acces/GoPro%20main.png?updatedAt=1710520835764
100,Go pro Mini Camera,29000,https://ik.imagekit.io/pve74zqrg/acces/GoPro_1-removebg-preview.png?updatedAt=1712389243537
101,Go Pro For Sports,36999,https://ik.imagekit.io/pve74zqrg/acces/gopro_2-removebg-preview.png?updatedAt=1712389243517
102,True Wireless,1800,https://ik.imagekit.io/pve74zqrg/acces/oppo%20air%20dopes.png?updatedAt=1710520855794,Upto 60% Off
103,Samsung Watch,4999,https://ik.imagekit.io/pve74zqrg/acces/Smartwatch-PNG-Image.png?updatedAt=1710520881300,Upto 30% Off
104,Nova Shaving,2300,https://ik.imagekit.io/pve74zqrg/acces/trimmer2.png?updatedAt=1710520891084
105,JBL SoundBars,3299,https://ik.imagekit.io/pve74zqrg/acces/sounbars.png?updatedAt=1710520878566
106,Mi tablet,13549,https://ik.imagekit.io/pve74zqrg/Download_premium_png_of_Digital_tablet_png_technology_and_electronics_by_Kut_about_ipad__tablet__ipad_png__technology__and_ipad_mockup_2774261-removebg-preview.png?updatedAt=1712589642344,Upto 45% Off
107,E-Brushe Mi,3000,https://ik.imagekit.io/pve74zqrg/acces/e-brush.png?updatedAt=1710520811918,Upto 65%  Off
108,Weighing Scale,5000,https://ik.imagekit.io/pve74zqrg/acces/weight.png?updatedAt=1710520888629,Upto 35% Off
109,Health Checker,4500,https://ik.imagekit.io/pve74zqrg/acces/sugar.png?updatedAt=1710520866630,Upto 80% Off
110,Lenovo Gaming Monitor,11200,https://ik.imagekit.io/pve74zqrg/acces/displayu.png?updatedAt=1710520846097
111,Samsung Smart TV,15000,https://ik.imagekit.io/pve74zqrg/acces/sam%20display.png?updatedAt=1710520860281
112,Canon,59990,https://ik.imagekit.io/pve74zqrg/acces/DSLR-Camera-Transparent-Background.png?updatedAt=1710520821846,Extra RS.5000 Off
113,Acer Laptop,52300,https://ik.imagekit.io/pve74zqrg/spor/kindpng_7621299.png?updatedAt=1710684302184,Upto 35% Off
114,Lenovo Monitor,13400,https://ik.imagekit.io/pve74zqrg/acces/computers.png?updatedAt=1710520815445,Uto 65% Off
115,Puma,3980,https://ik.imagekit.io/pve74zqrg/spor/pngegg.png?updatedAt=1710674456267,Sport's Wear
116,Nike,2500,https://ik.imagekit.io/pve74zqrg/spor/pngegg%20(1).png?updatedAt=1710674447221,Sport's t-shirts
117,Nike,1899,https://ik.imagekit.io/pve74zqrg/spor/pngwing.com.png?updatedAt=1710675097191,Sport's Water bottle
118,Fastrack Smart watch,4999,https://ik.imagekit.io/pve74zqrg/pngwing.com%20(2).png?updatedAt=1711518479292
119,Supplement,2560,https://ik.imagekit.io/pve74zqrg/spor/supplements.png?updatedAt=1710655077944,Upto 80% Off
120,Treadmill,13999,https://ik.imagekit.io/pve74zqrg/spor/fitness.png?updatedAt=1710655063928,Upto 30% Off
121,Cricket Bat,569,https://ik.imagekit.io/pve74zqrg/spor/pngwing.com%20(3).png?updatedAt=1711694985287
122,Football,899,https://ik.imagekit.io/pve74zqrg/spor/pngwing.com%20(4).png?updatedAt=1711694966064
123,Badminton,590,https://ik.imagekit.io/pve74zqrg/spor/pngwing.com%20(5).png?updatedAt=1711694981612
124,Tennis Bat,1230,https://ik.imagekit.io/pve74zqrg/spor/pngwing.com%20(2).png?updatedAt=1711694964356
125,Basket ball,800,https://ik.imagekit.io/pve74zqrg/spor/basketball-basket-png-39939.png?updatedAt=1710675717491
126,Table Tennis Bat,1300,https://ik.imagekit.io/pve74zqrg/spor/pngwing.com%20(6).png?updatedAt=1711695427869
127,Puma,899,https://ik.imagekit.io/pve74zqrg/spor/shoes%204.png?updatedAt=1710655073856,Min 20-30% Off
128,Addidas,1200,https://ik.imagekit.io/pve74zqrg/spor/pngwing.com%20(3).png?updatedAt=1710688169511,Min 40-45% Off
129,Cricket kit,3400,https://ik.imagekit.io/pve74zqrg/spor/pngwing.com%20(1).png?updatedAt=1710691035430
130,Rucemnt Bike,21400,https://ik.imagekit.io/pve74zqrg/spor/pngwing.com%20(1).png?updatedAt=1711797607636
131,Sport shoe,899,https://ik.imagekit.io/pve74zqrg/spor/pair-trainers.jpg?updatedAt=1711693549394
132,Sport shoe,1000,https://ik.imagekit.io/pve74zqrg/spor/pngwing.com.png?updatedAt=1711693109175
133,Bicycle,6800,https://ik.imagekit.io/pve74zqrg/spor/Bicycle.jpeg?updatedAt=1710828528805
134,Dumbbel Workout,1200,https://ik.imagekit.io/pve74zqrg/spor/Dumbbell%20_%20Hantel.jpeg?updatedAt=1710867518464
135,Kettlebell Workout,2000,https://ik.imagekit.io/pve74zqrg/spor/pngwing.com%20(1).png?updatedAt=1710867518103
136,Weighing Workout,6000,https://ik.imagekit.io/pve74zqrg/spor/pngwing.com.png?updatedAt=1710867539598
137,Swim Glass,400,https://ik.imagekit.io/pve74zqrg/spor/MP%20Michael%20Phelps%20XCEED%20Swimming%20Goggles.jpeg?updatedAt=1712591592595
138,Swim HeadCover,500,https://ik.imagekit.io/pve74zqrg/spor/pngwing.com%20(4).png?updatedAt=1710868357675
139,Samsung Galaxy F21 5G,21300,https://ik.imagekit.io/pve74zqrg/Samsung/Samsung-Galaxy-PNG-Photo.png?updatedAt=1710940996598,Triple Camera,8GB Ram 256 Storage,1 Year Warranty
140,Samsung Galaxy F23 5G,26000,https://ik.imagekit.io/pve74zqrg/Samsung/Samsung-Galaxy-PNG-Picture.png?updatedAt=1710940996221,64 Mp Camera,6GB Ram 120 Storage,1 Year Warranty
141,Samsung M53 5G,16000,https://ik.imagekit.io/pve74zqrg/Samsung/Samsung-Galaxy-PNG-Photos.png?updatedAt=1710940989937,100GB Storage,8GB Ram 84MP camera,1 Year Warranty
142,Samsung A33s,18000,https://ik.imagekit.io/pve74zqrg/Samsung/Samsung-Galaxy-PNG-File.png?updatedAt=1710940989813,100GB Storage,8GB Ram 84MP camera,1 Year Warranty
143,Samsung A55,40000,https://ik.imagekit.io/pve74zqrg/Samsung/Samsung-Galaxy-PNG-Image.png?updatedAt=1710940989184,500GB Storage,12GB Ram 120MP camera,1 Year Warranty
144,Realme 11 Pro 5G,18500,https://ik.imagekit.io/pve74zqrg/Vivo/Realme%2011%20Pro.jpeg?updatedAt=1710949990178,100GB Storage,8GB Ram 84MP camera,1 Year Warranty
145,Realme c53,17000,https://ik.imagekit.io/pve74zqrg/Vivo/Realme%20-%20Realme%20C53%206%20GB%20+%20128%20GB%20Dorado%20M%C3%B3vil%20libre.jpeg?updatedAt=1711387829627,200GB Storage,8GB Ram 108MP camera,1 Year Warranty
146,Realme Narzo 30 5G,14000,https://ik.imagekit.io/pve74zqrg/Vivo/67c62eb9-37f9-4737-94e0-b139351bfd97.jpeg?updatedAt=1710949987470,256GB Storage,64 MP Camera,1 Year Warranty
147,Oneplus Nord c23 5G,36000,https://ik.imagekit.io/pve74zqrg/One%20plus%20/Oneplus%20Nord%20CE%203%20Lite.jpeg?updatedAt=1710949497303,240GB Storage,12GB Ram 120MP camera,1 Year Warranty
148,Oneplus 9,23000,https://ik.imagekit.io/pve74zqrg/One%20plus%20/OnePlus%209%20PNG.jpeg?updatedAt=1710949497293,240GB Storage,12GB Ram 108MP camera,1 Year Warranty
149,Oneplus 12,34000,https://ik.imagekit.io/pve74zqrg/One%20plus%20/_%20Never%20Settle%20for%20Less_%20Elevate%20Your%20Style%20with%20OnePlus%2012.jpeg?updatedAt=1710949497353,500GB Storage,100 MP Camera,1 Year Warranty
150,Oppo Reno 7Pro,25000,https://ik.imagekit.io/pve74zqrg/Oppo/33cd1966-13a3-4b05-a6eb-0b9bc7d98958.jpeg?updatedAt=1710949684000,240GB Storage,12GB Ram 84MP camera,1 Year Warranty
151,Oppo Reno 8,21000,https://ik.imagekit.io/pve74zqrg/Oppo/c4e99067-173b-406e-be7c-d13ffdb027b4.jpeg?updatedAt=1710949683853,240GB Storage,12GB Ram 120MP camera,1 Year Warranty
152,Oppo A98 5G,24000,https://ik.imagekit.io/pve74zqrg/Oppo/OPPO%20A98%205G%20-%20Dreamy%20Blue.jpeg?updatedAt=1710949683875,500GB Storage,12GB Ram 120MP camera,1 Year Warranty
153,Oppo A57,18000,https://ik.imagekit.io/pve74zqrg/Oppo/650ac59a-b173-4bc3-8695-1f891f38a6e5.jpeg?updatedAt=1710949684012,240GB Storage,8GB Ram 120MP camera,1 Year Warranty
154,Iqoo Z6 Lite 5G,23500,https://ik.imagekit.io/pve74zqrg/Iqoo/IQOO%20Z6%20LITE%205G.jpeg?updatedAt=1710949569283,240GB Storage,12GB Ram 120MP camera,1 Year Warranty
155,Iqoo 7 5G,27080,https://ik.imagekit.io/pve74zqrg/Iqoo/Vivo%20iQOO%20Neo%205%205G%20Png%20Image%20(1).png?updatedAt=1710941076433,120GB Storage,8GB Ram,1 Year Warranty
156,Iqoo 8,18900,https://ik.imagekit.io/pve74zqrg/Iqoo/Vivo%20iQOO%20Neo%205%205G%20Png%20Image.png?updatedAt=1710941076434,256 GB Storage 12GB Ram,Gaming Phone 64 MP Camera,1 Year Warranty
157,Redmi Note 12Pro,23500,https://ik.imagekit.io/pve74zqrg/Mi/0fca4b6d-c335-47bb-98aa-03abf63e0296.jpeg?updatedAt=1710955614184,128GB Storage 8GB Ram, 64 MP Camera,1 Year Warranty
158,Redmi Note 12,17000,https://ik.imagekit.io/pve74zqrg/Mi/Redmi%20Note%2013%20Series%20With%206_7-Inch%20AMOLED%20Displays%20Launched_.jpeg?updatedAt=1710948111342,128GB Storage 6GB Ram, 128 MP Camera,1 Year Warranty
159,Redmi 11,14600,https://ik.imagekit.io/pve74zqrg/Mi/Xiaomi%20Mi%2011%20Png%20Transparent.png?updatedAt=1710940938737,120GB Storage,8GB Ram,1 Year Warranty
160,Redmi 10,13200,https://ik.imagekit.io/pve74zqrg/Mi/pngwing.com.png?updatedAt=1710940938897,64GB Storage 6GB Ram,64 MP Camera,1 Year Warranty
161,Redmi 9,8000,https://ik.imagekit.io/pve74zqrg/Mi/pngwing.com%20(1).png?updatedAt=1710940938990,64GB Storage 4GB Ram,32 MP Camera,1 Year Warranty
162,Apple iphone 12 Mini,43500,https://ik.imagekit.io/pve74zqrg/Apple/Iphone%2012%20purple.jpeg?updatedAt=1710948045722,300GB Storage 6GB Ram,Double Camera Movie Mode,1 Year Warranty
163,Apple iphone 13 Pro,72000,https://ik.imagekit.io/pve74zqrg/Apple/pngwing.com%20(3).png?updatedAt=1710941120707,500GB Storage 8GB Ram,Triple Camera Movie Mode,1 Year Warranty
164,Apple iphone 14,94000,https://ik.imagekit.io/pve74zqrg/Apple/pngwing.com%20(2).png?updatedAt=1710941121242,500GB Storage 12GB Ram,Triple Camera Movie Mode,1 Year Warranty
165,Samsung s23 Ultra,89000,https://ik.imagekit.io/pve74zqrg/Samsung/Galaxy%20s23ultra.jpeg?updatedAt=1711008653249,500GB Storage 12GB Ram,Triple Camera,1 Year Warranty
166,Samsung s20 Ultra,74000,https://ik.imagekit.io/pve74zqrg/Samsung/e12fc14b-4830-4f97-9ebd-85cb6c5925de.jpeg?updatedAt=1711042649233,500GB Storage 12GB Ram,Triple Camera,1 Year Warranty
167,Realme 115G,23300,https://ik.imagekit.io/pve74zqrg/Vivo/5fdf73b9-aed0-4007-b39e-3dabe2827f4b.jpeg?updatedAt=1711008709377,500GB Storage 12GB Ram,128MP Camera,1 Year Warranty
168,Realme narzo 60 5G,21000,https://ik.imagekit.io/pve74zqrg/Vivo/Amazon_in_%20Realme%2011%20Pro%205g.jpeg?updatedAt=1711008708650,500GB Storage 12GB Ram,128MP Camera 64MP camera 50X Zoom,1 Year Warranty
169,Vivo Y29e,14500,https://ik.imagekit.io/pve74zqrg/vivo%20Y29e.jpeg?updatedAt=1711008780888,120GB Storage 8GB Ram,120MP Camera ,1 Year Warranty
170,Vivo T2X 5G,13000,https://ik.imagekit.io/pve74zqrg/vivo%20launched%20vivo%20T2%205G%20and%20T2x%205G%20in%20India%20_%20Full%20Specifications.jpeg?updatedAt=1711008779635,64GB Storage 6GB Ram,64MP Camera  10X Zoom,1 Year Warranty
171,Bata shoe,800,https://ik.imagekit.io/pve74zqrg/fashion/beta.png?updatedAt=1711388863372
172,Asian shoe,900,https://ik.imagekit.io/pve74zqrg/fashion/51%20Ingenious%20Products%20That'll%20Save%20You%20A%20Lot%20Of%20Money.jpeg?updatedAt=1711388826500
173,Lavi Bags,900,https://ik.imagekit.io/pve74zqrg/fashion/womenbags.png?updatedAt=1711388898073,Womens bags
174,Fort Collins Jacket,1400,https://ik.imagekit.io/pve74zqrg/fashion/GIVENCHY%20KIDS%20Boys%20Teen%20Black%20Logo%20Bomber%20Jacket.jpeg?updatedAt=1711388826218,Male Collection
175,Adidas Track pants,450,https://ik.imagekit.io/pve74zqrg/fashion/pngwing.com.png?updatedAt=1711388833380,Under 500
176,Tommy Hilfiger Leathers,1000,https://ik.imagekit.io/pve74zqrg/fashion/belts.png?updatedAt=1711388882532,Under 1000
177,Nike Shoe,900,https://ik.imagekit.io/pve74zqrg/fashion/nikeshoes$19%20on%20X.jpeg?updatedAt=1711388824818,Under 1000
178,Fossil Watche,1200,https://ik.imagekit.io/pve74zqrg/fashion/Fossil%20Men's%20Chronograph%20Quartz%20Watch.jpeg?updatedAt=1711388828991
179,Diesel Jeans,1500,https://ik.imagekit.io/pve74zqrg/fashion/f06577d2-da71-4506-b63c-6f1e05eb4eb6.jpeg?updatedAt=1711388824329
180,Jorden t-shirt,800,https://ik.imagekit.io/pve74zqrg/fashion/Nike%20mens%20AJ%2012%20THE%20GREATEST%20TEE%20725013-011.jpeg?updatedAt=1711508381554,Under 1000
181,CK t-shirt,990,https://ik.imagekit.io/pve74zqrg/fashion/Calvin%20Klein%20Monogram%20Logo%20T-Shirt.jpeg?updatedAt=1711388822936,Under 1000
182,Tommy Hilfiger t-shirt,1100,https://ik.imagekit.io/pve74zqrg/fashion/Infantil%20-%20Camiseta%20Logo%20Tommy%20Branco.jpeg?updatedAt=1711388821048
183,Track Pant,300,https://ik.imagekit.io/pve74zqrg/fashion/Ecko%20Unltd_%20Stretch%20Grey%20Charger%20Mens%20Joggers%20Track%20Pants%20Efm04496%20Charcoal%20Marl.jpeg?updatedAt=1711509001274,Under 500
184,Track Pant,450,https://ik.imagekit.io/pve74zqrg/fashion/878e7e83-8171-46f2-b79f-a0daf867da84.jpeg?updatedAt=1711509708710,Under 500
185,Shorts,290,https://ik.imagekit.io/pve74zqrg/fashion/2cf8425d-04a4-480d-a50f-c638f1fde1f8.jpeg?updatedAt=1711509002177,Under 500
186,Shorts,410,https://ik.imagekit.io/pve74zqrg/fashion/Women's%20Designer%20Shorts%202018.jpeg?updatedAt=1711509001271,Under 500
187,Pinky tops,1800,https://ik.imagekit.io/pve74zqrg/fashion/pink%20top%20png%20_.jpeg?updatedAt=1711513911436,Womens collection
188,Full Hand Tops,2800,https://ik.imagekit.io/pve74zqrg/fashion/141be28d-3f88-4fac-8281-9cb69d74725c.jpeg?updatedAt=1711513950101,Womens collection
189,Necked Tops,3000,https://ik.imagekit.io/pve74zqrg/fashion/Vintage%20by%20Misty%20-%201stDibs.jpeg?updatedAt=1711513912415,Womens collection
190,Half Tops,4000,https://ik.imagekit.io/pve74zqrg/fashion/59c67431-f300-4b2b-a79e-e3b3df3291f8.jpeg?updatedAt=1711513912808,Womens collection
191,Modern Designed Kurtas,3000,https://ik.imagekit.io/pve74zqrg/fashion/ae55b492-3271-4eae-a4a4-2f2529019865.jpeg?updatedAt=1711515979824,Womens collection
192,Black Kurtas,4000,https://ik.imagekit.io/pve74zqrg/fashion/FASHION%20_%20madhuram%20textiles%20Women's%20A-line%20and%203_4th%20Sleeves%20Fully%20Stitched%20Plain%20Printed%20Kurta.jpeg?updatedAt=1711515705253,Womens collection
193,Men's Casual shoe,3000,https://ik.imagekit.io/pve74zqrg/fashion/Converse%20Chuck%20Taylor%20All%20Star%20High%20Top%20Unisex%20Shoe_%20Nike.com?updatedAt=1711518453277,Male Collection
194,Polo T-shirt,2000,https://ik.imagekit.io/pve74zqrg/fashion/Contemporary%20Design%20Collection.jpeg?updatedAt=1711519620976,Male and Trendy Collection
195,Premium Watch,4000,https://ik.imagekit.io/pve74zqrg/fashion/Luxury%20watch.jpeg?updatedAt=1711518453595,Male Collection
196,T-shirts,3000,https://ik.imagekit.io/pve74zqrg/fashion/AND%20Unisex%20T%20shirt.jpeg?updatedAt=1711519598901,Male Collection
197,Modern Saree,3000,https://ik.imagekit.io/pve74zqrg/fashion/Hazel%20Green%20Saree%20In%20Organza%20Silk%20With%20Mirror%20And%20Zardozi%20Embroidery%20In%20Floral.jpeg?updatedAt=1711560119396,Womens collection
198,Ethnic Gowns,1800,https://ik.imagekit.io/pve74zqrg/fashion/Blush%20Aliya%20Gown%20by%20Sharnita%20Nandwana.jpeg?updatedAt=1711560118460,Womens collection
199,Asics Casual Shoe,3000,https://ik.imagekit.io/pve74zqrg/fashion/56e2391a-743e-4e79-9fcc-5f27cdd08beb.jpeg?updatedAt=1711561800718
200,Asics Sports Shoes,5000,https://ik.imagekit.io/pve74zqrg/fashion/15%20Best%20White%20Sneakers%20for%20Men%20in%202018%20-%20attirepin_com.jpeg?updatedAt=1711561915796
201,Maximalist Tees,300,https://ik.imagekit.io/pve74zqrg/fashion/73c942fd-59b8-4ece-8963-85ffcbe0c837.jpeg?updatedAt=1711596556001,Under 500
202,Baggy Jeans,2000,https://ik.imagekit.io/pve74zqrg/fashion/Ankle-length%20Utility%20Pants%20-%20Light%20beige%20-%20Ladies%20_%20H&M%20US.jpeg?updatedAt=1711596555563,Trendy Collections
203,Utility Shirts,4500,https://ik.imagekit.io/pve74zqrg/fashion/Topman%20Shirts%20_%20Shop%20Topman%20Shirts%20for%20Men%20_%20ASOS.jpeg?updatedAt=1711596555875,Trendy Collections
204,Utility Jeans,4000,https://ik.imagekit.io/pve74zqrg/fashion/Arizona%20Womens%20High%20Rise%20Straight%20Cargo%20Pant-Juniors%20_%20Brown%20_%20Juniors%200%20_%20Pants%20Cargo%20Pants.jpeg?updatedAt=1711598012910,Trendy Collections
205,Typo Tees,2000,https://ik.imagekit.io/pve74zqrg/fashion/Good%20Vibes%20T%20shirt.jpeg?updatedAt=1711597611937,Trendy Collections
206,Cargo Shorts,500,https://ik.imagekit.io/pve74zqrg/fashion/Lifestyle%20&%20Technical%20Surf%20Clothing%20and%20Swimwear%20Brand.jpeg?updatedAt=1711596642867,Under 500 and Trendy Collections
207,Baggy Jeans,1900,https://ik.imagekit.io/pve74zqrg/fashion/Men's%20Casual%20Fit%202024.jpeg?updatedAt=1711597928170,Trendy Collections
208,Parachute Trousers,3000,https://ik.imagekit.io/pve74zqrg/fashion/Flap%20Pocket%20Side%20Drawstring%20Hem%20Cargo%20Trousers.jpeg?updatedAt=1711596643288,Trendy Collections
209,Asus Zen Book,80000,https://ik.imagekit.io/pve74zqrg/home/The%20Asus%20ZenBook%20Pro%20Duo%20looks%20to%20offer%20a%20more%20productive%20alternative%20to%20the%20MacBook%20Pro's%20Touch%20Bar.jpeg?updatedAt=1711700136767,13GB Ram 1TB,Touch Pad Dual Dispay,1 Year Warranty
210,Realme Neckband,900,https://ik.imagekit.io/pve74zqrg/home/pngwing.com%20(8).png?updatedAt=1711713286194
211,Adidas Smart watch,2000,https://ik.imagekit.io/pve74zqrg/home/pngwing.com%20(9).png?updatedAt=1711713287480
212,HP laptop,40000,https://ik.imagekit.io/pve74zqrg/home/HP%20-%20EliteBook%20850%20G8%2015_6_%20Laptop%20-%20Intel%20Core%20i5%20-%2016%20GB%20Memory%20-%20256%20GB%20SSD%20-%20Silver.jpeg?updatedAt=1711713283669,8GB Ram ,512GB Storage,1 Year Warranty
213,Realme c67 5g,18000,https://ik.imagekit.io/pve74zqrg/home/Realme%20C67.jpeg?updatedAt=1711713285364,128GB Storage 8GB Ram, 64 MP Camera,1 Year Warranty
214,Mi smart Tv,16000,https://ik.imagekit.io/pve74zqrg/home/064c824f-01b3-4f18-a3d7-1b6d9315bf18.jpeg?updatedAt=1711713709665
215,Glitter Mobile Cases,300,https://ik.imagekit.io/pve74zqrg/home/kisspng-iphone-6-case-mate-apple-smartphone-rose-gold-5b3e3a2c0a7d52.377405471530804780043.png?updatedAt=1711714130964
216,Mens Trendy Slipper,300,https://ik.imagekit.io/pve74zqrg/home/Adidas%20Men's%20Alphabounce%20Slides%20-%20White%20Black%20_%20Fx1326%20_%20Basketball%20Slippers.jpeg?updatedAt=1711721725800
217,Mens Trendy Slipper,400,https://ik.imagekit.io/pve74zqrg/home/c3601533-24cb-4322-881a-dca20b5c546c.jpeg?updatedAt=1711721727976
218,Mens Slipper Tommy,550,https://ik.imagekit.io/pve74zqrg/home/Tommy%20Hilfiger%20Navy%20&%20Red%20Essential%20Flag%20Pool%20Slide%20Sandals%20For%20Sale%20Size%20UK%2011.jpeg?updatedAt=1711721726087
219,Mens Formal Slipper,450,https://ik.imagekit.io/pve74zqrg/home/Hermes%20Men's%20sandals.jpeg?updatedAt=1711721728897
220,Mens Casual Slipper,400,https://ik.imagekit.io/pve74zqrg/home/Chinelo%20Cartago%20Val%C3%83%C2%AAncia%20II%20Masculino.jpeg?updatedAt=1711721728381
221,Intex Power bank,1900,https://ik.imagekit.io/pve74zqrg/home/pngwing.com.png?updatedAt=1711765316289
222,Power bank With Led Display,2000,https://ik.imagekit.io/pve74zqrg/home/MUST%20HAVE%20TRAVEL%20ITEMS%20_%20be%20prepared%20for%20your%20next%20trip%20with%20the%20following%20items%20listed_.jpeg?updatedAt=1711765647950
223,Asian Shoe,2500,https://ik.imagekit.io/pve74zqrg/home/Zapatillas%20para%20correr%20de%20algod%C3%B3n%20transpirable%20para%20hombre%20-%20black%20_%2010.jpeg?updatedAt=1711767871290
224,Asian Shoe,3200,https://ik.imagekit.io/pve74zqrg/home/Xajzpa%20-%20Small%20White%20Shoes%20for%20Women%20Breathable%20Students%20Casual%20Shoes%20Sneakers%20Women%20Korean%20Style%20Mesh%20Women's%20Shoes%20for%20Spring%20Autumn%20-%201%20_%2039.jpeg?updatedAt=1711767871065
225,Asian Shoe,2900,https://ik.imagekit.io/pve74zqrg/home/Running%20Shoes%20-%20Color%20_%2046.jpeg?updatedAt=1711767870840
226,Bata Sandal,1000,https://ik.imagekit.io/pve74zqrg/home/Men%20Minimalist%20Studded%20Decor%20Slingback%20Sandals.jpeg?updatedAt=1711768334666
227,Walkaro Sandal,800,https://ik.imagekit.io/pve74zqrg/home/Mens%20Slip%20On%20Wide%20Fit%20Memory%20Foam%20Walking%20Summer%20Beach%20Sandals%20Mules%20Shoes%20Size.jpeg?updatedAt=1711768334758
228,VKC Sandal,600,https://ik.imagekit.io/pve74zqrg/home/Men%20Comfy%20Genuine%20Leather%20Breathable%20Hook%20Loop%20Sandals%20-%20Dark%20Brown%20_%209.jpeg?updatedAt=1711768837639
229,Walkaro Sandal,1200,https://ik.imagekit.io/pve74zqrg/home/Best%20Men's%20Sandals%20with%20Ankle%20Strap.jpeg?updatedAt=1711768332915
230,Hp Laptop i5,70000,https://ik.imagekit.io/pve74zqrg/home/HP%20Elite%20Dragonfly%20G3%2013_5_%20Laptop%20Core%20i7-1255U%2016GB%20RAM%20512GB%20SSD%20Win%2011%20Pro.jpeg?updatedAt=1711791969802,1TB Storage,18 Gb Ram,1 Year Warranty
231,Samsung Rounded Smart Watch,2300,https://ik.imagekit.io/pve74zqrg/home/pulseira%20Milanese%20metal%20compativel%20Samsung%20Watch4%20Classic%2042-46mm%20Galaxy%20Watch4%2040_44mm.jpeg?updatedAt=1711791970081,Water Resistance,Android Supported Watch,1 Year Warranty
232,Fastrack Rounded Smart Watch,3000,https://ik.imagekit.io/pve74zqrg/home/Makibes%20T5%20PRO%20Advanced%20Milanese%20magnetic%20Smart%20Watch%20Blood%20Pressure%20Monitor%20-%20Silver%20steel.jpeg?updatedAt=1711792622440,Water Resistance,Android Supported Watch,1 Year Warranty
233,Puma Rounded Smart Watch,2500,https://ik.imagekit.io/pve74zqrg/home/Women's%20Smart%20Watch%20Waterproof%20Fitness%20Heart%20Monitor%20Sport%20Smartwatch%20-%20Silver.jpeg?updatedAt=1711791970137,Water Resistance,Android Supported Watch,1 Year Warranty
234,Titan Rounded Smart Watch,3000,https://ik.imagekit.io/pve74zqrg/home/Gear%20Geek%20Custom%20Face%20Smart%20Watch.jpeg?updatedAt=1711791969969,Water Resistance,Android Supported Watch,1 Year Warranty
235,GOVO GOSURROUND 350,1990,https://ik.imagekit.io/pve74zqrg/home/NEW%20Bose%20Smart%20Ultra%20Soundbar.jpeg?updatedAt=1711795804865
236,JBL Packet Speaker,600,https://ik.imagekit.io/pve74zqrg/home/JBL's%20New%20Audio%20Lineup%20Takes%20the%20Party%20Portable%20_%20Man%20of%20Many.jpeg?updatedAt=1711795475405
237,GOVO Speaker Sets,7000,https://ik.imagekit.io/pve74zqrg/home/Bose%20Smart%20Ultra%20Soundbar.jpeg?updatedAt=1711796042872
238,Vivo T3 5G,20000,https://ik.imagekit.io/pve74zqrg/home/Vivo_s_New_Phones_Bring_Big_Camera_Upgrades_Worldwide_-_Cuul_Geek-removebg-preview.png?updatedAt=1711864034119,120GB Storage,8GB Ram,1 Year Warranty
239,Fogg Perfume,700,https://ik.imagekit.io/indueo3hy/cosmotics/Fogg%20Make%20My%20Day%20Scent%20Eau%20De%20Parfum%20For%20Women%20Long%20Lasting%20Fragrance%20100ml.jpeg?updatedAt=1711882801831,Fragrance
240,DKNY Perfume,900,https://ik.imagekit.io/indueo3hy/cosmotics/Women's%20Perfume%20Donna%20Karan%20EDP%20Dkny%2050%20ml.jpeg?updatedAt=1711882801591,Fragrance
241,Womens Face Serum,500,https://ik.imagekit.io/indueo3hy/cosmotics/Dr_%20Rashel%20Vitamin%20C%20Brightening%20And%20Anti-aging%20Face%20Serum%2050%20Ml.jpeg?updatedAt=1711881559810
242,Womens Face Serum,450,https://ik.imagekit.io/indueo3hy/cosmotics/Glow%20Recipe%20Avocado%20Ceramide%20Serum%20-%20Avocado%20Butter%20Hydrating%20Face%20Serum%20-%20Serum%20for%20Redness%20and%20Hydration%20-%20Ceramide%20Skin%20Care%20to%20Support%20Skin%20Barrier%20Repair%20-%20Lightweight%20Facial%20Moisturizer%20(30ml).jpeg?updatedAt=1711881557800
243,Garnier Face Serum,800,https://ik.imagekit.io/indueo3hy/cosmotics/Garnier%20Light%20Complete%20Vitamin%20C%20Booster%20Face%20Serum%2030%20Ml.jpeg?updatedAt=1711883284153
244,CeraVe Face Serum,400,https://ik.imagekit.io/indueo3hy/cosmotics/CeraVe%20Skin%20Renewing%20Retinol%20Face%20Cream%20Serum%20for%20Fine%20Lines%20and%20Wrinkles%20-%201oz.jpeg?updatedAt=1711883283823
245,Nivea Shower Gel,800,https://ik.imagekit.io/indueo3hy/cosmotics/PR_Nivea%20Women_s%20Frangipani%20Shower%20Gel%20&%20Creme%20Coconut%20Shower%20Cream.jpeg?updatedAt=1711881559914
246,Men's Shower Gel,200,https://ik.imagekit.io/indueo3hy/cosmotics/Body%20Wash%20and%20Shower%20Gel.jpeg?updatedAt=1711881558460
247,Palmolive Shower Gel,400,https://ik.imagekit.io/indueo3hy/cosmotics/high%20street%20beauty%20buys.jpeg?updatedAt=1711881559932
248,Fiama Shower Gel,400,https://ik.imagekit.io/indueo3hy/cosmotics/Fiama%20Blackcurrant%20Bearberry%20Conditioners%20Radiant.jpeg?updatedAt=1711881560219
249,Women's Shower Gel,300,https://ik.imagekit.io/indueo3hy/cosmotics/Bath%20&%20Body%20Works%20Endless%20Weekend%20Shower%20Gel%20(new)%20Shea%20&%20Vitamin%20E%2010%20Fl%20Oz.jpeg?updatedAt=1711881559830
250,Himalaya Face Wash,400,https://ik.imagekit.io/indueo3hy/cosmotics/13%20Best%20Himalaya%20Products%20to%20Look%20Out%20for%20in%202024.jpeg?updatedAt=1711881560947
251,Garnier Face Wash,190,https://ik.imagekit.io/indueo3hy/cosmotics/How%20to%20Have%20Incredible%20Winter%20Skin%20No%20Matter%20Where%20You%20Live.jpeg?updatedAt=1711881562070
252,CeraVe Face Wash,290,https://ik.imagekit.io/indueo3hy/cosmotics/Amazon_com_%20Face%20Wash%20Acne%20Treatment%20_%20Salicylic_.jpeg?updatedAt=1711881560253
253,Nive Deodrants,300,https://ik.imagekit.io/indueo3hy/cosmotics/Nivea%20Men%20Protect%20&%20Care%20Aluminum%20Free%2048h%20Deodorant%20Roll-On%2050%20ml%20_%201_7%20fl%20oz.jpeg?updatedAt=1711881565915
254,Dove Deodrants For Men,400,https://ik.imagekit.io/indueo3hy/cosmotics/DOVE%20MEN%20+%20CARE%20Extra%20Fresh%20Men's%20Antiperspirant%20Deodorant%20Stick%20Fresh%20Twin%20pack%20With%2072-hour%20sweat%20&%20odor%20protection%20with%201_4%20Moisturizing%20Cream%20&%20Long-lasting%20Citrus%20Scent%202_7%20Ounce%20(Pack%20of%202).jpeg?updatedAt=1711881565423
255,Dove Deodrants For Woen,400,https://ik.imagekit.io/indueo3hy/cosmotics/Dove%20Dry%20Spray%20Antiperspirant%20Deodorant%20Caring%20Coconut%20-%203_8%20oz.jpeg?updatedAt=1711881564347
256,Clean & Clear Face Wash,200,https://ik.imagekit.io/indueo3hy/cosmotics/16%20Face%20Washes%20That%20Work%20Wonders%20on%20Oily%20Skin.jpeg?updatedAt=1711881558789
257,Nive Face Wash,300,https://ik.imagekit.io/indueo3hy/cosmotics/Nivea%20-%20Rose%20Care%20Micellar%20Organic%20Rose%20Water%20Wash%20Gel%20150%20ml.jpeg?updatedAt=1711881561474
258,Tresemme Hair Conditioner,1600,https://ik.imagekit.io/indueo3hy/cosmotics/TRESemm%C3%A9%20Keratin%20Smooth%20Shampoo%20and%20Conditioner%20Set.jpeg?updatedAt=1711881579876
259,Pantene Hair Conditioner,900,https://ik.imagekit.io/indueo3hy/cosmotics/19%20Amazing%20Drugstore%20Beauty%20Finds%20Under%20$30.jpeg?updatedAt=1711881580774
260,Head & Shoulders Hair Conditioner,1600,https://ik.imagekit.io/indueo3hy/cosmotics/Head%20and%20Shoulders%20Classic%20Clean%202-in-1%20Anti-Dandruff%20Shampoo%20+%20Conditioner%202.jpeg?updatedAt=1711888058594
261,Elive Hair Conditioner,300,https://ik.imagekit.io/indueo3hy/cosmotics/I've%20Spent%20Years%20Hunting%20for%20the%20Best%20Conditioners%20for%20Fine%20Hair_Here%20They%20Are.jpeg?updatedAt=1711881578888
262,Dove Hair Serum,400,https://ik.imagekit.io/indueo3hy/cosmotics/10%20Best%20Hair%20Serums%20for%20Oily%20Hair%20In%20India%20_%202024%20Update.jpeg?updatedAt=1711888898823
263,Kerastase Hair Serum,800,https://ik.imagekit.io/indueo3hy/cosmotics/Kerastase%20Genesis%20Serum%20Anti-Chute%20Fortifiant%20Anti%20Hair-Loss%20Fortifying%20Serum%2090ml.jpeg?updatedAt=1711888899197
264,Strea Hair Serum,400,https://ik.imagekit.io/indueo3hy/cosmotics/10%20Best%20Hair%20Serums%20For%20Dry%20Hair%20_%202024.jpeg?updatedAt=1711888899014
265,Face Cream For Makeup,500,https://ik.imagekit.io/indueo3hy/cosmotics/I%20Am%20a%20Huge%20Korean%20Face%20Mask%20Junkie_These%20Are%20the%2012%20Best.jpeg?updatedAt=1711890653874,Makeup
266,Makeup Cream,450,https://ik.imagekit.io/indueo3hy/cosmotics/The%2046%20Best%20Drugstore%20Beauty%20Buys%20of%202024.jpeg?updatedAt=1711890653728,Makeup
267,Perfume,800,https://ik.imagekit.io/indueo3hy/cosmotics/The_Man_Company_Body_Perfume_For_Men_Noir_Long_Lasting_Fragrance_120_Ml-removebg-preview.png?updatedAt=1711892363755,Fragrance
268,Lakme Kajal,200,https://ik.imagekit.io/indueo3hy/cosmotics/Top_Beauty_Makeup_Products_Under_500__Budget_Shooping_Guide-removebg-preview.png?updatedAt=1711892364687,Makeup
269,Fiama Soap For Men,190,https://ik.imagekit.io/indueo3hy/cosmotics/Top_12_Best_Bathing_Soaps_for_Men_in_India__2023__-_Tips_and_Beauty__1_-removebg-preview.png?updatedAt=1711892364005,Grooming
270,Dove For Men,230,https://ik.imagekit.io/indueo3hy/cosmotics/Dove_Men+Care_Body_Wash_and_Face_Wash_Clean_Comfort_30_oz-removebg-preview.png?updatedAt=1711892362888,Grooming
271,Denver,1000,https://ik.imagekit.io/indueo3hy/cosmotics/Denver_Honour_Gift_Set_-_Deodorant__165ml__+_Perfume__60ml__Long_Lasting_Fragr-removebg-preview.png?updatedAt=1711895990042
272,Parachute Shower Gel,190,https://ik.imagekit.io/indueo3hy/cosmotics/Parachute_SkinPure_Skin_Natural_White_Lotion_300_ml-removebg-preview.png?updatedAt=1711895989754
273,Lakme,400,https://ik.imagekit.io/indueo3hy/cosmotics/LAKM%C3%89_9_To_5_Vitamin_C+_Face_Serum_For_Glowing_Skin_With_98__Pure_Vitamin_C_Complex-removebg-preview.png?updatedAt=1711895988649
274,Yardley London,800,https://ik.imagekit.io/indueo3hy/cosmotics/Yardley_London_English_Lavender_gift_set-removebg-preview.png?updatedAt=1711895992653
275,Ramsons,1000,https://ik.imagekit.io/indueo3hy/cosmotics/Ramsons_You_Are_Sweet_Eau_De_Parfum_30_Ml-removebg-preview.png?updatedAt=1711895990424
276,9PM perfume,799,https://ik.imagekit.io/indueo3hy/cosmotics/9pm%20EDP%20-%20100ML%20(3_4Oz)%20by%20Afnan.jpeg?updatedAt=1711897428101,Woody Perfume & Lite Fragrance
277,Qaed Al Perfume,899,https://ik.imagekit.io/indueo3hy/cosmotics/Qaed%20Al%20Fursan%20Edp%20Perfume%20By%20Lattafa%2090%20Ml%20-%20Usa%20Seller%20+%20Free%20Shipping.jpeg?updatedAt=1711897427521,Woody Perfume & Lite Fragrance
278,Bella Vita Perfume,799,https://ik.imagekit.io/indueo3hy/cosmotics/Bella%20Vita%20Luxury%20Oud%20Parfum%20Intense%20Unisex%20Perfume%20For%20Men%20&%20Women%20(100ml).jpeg?updatedAt=1711897428070,Woody Perfume & Lite Fragrance
279,Arab  Perfume,699,https://ik.imagekit.io/indueo3hy/cosmotics/Baccara%20vanille.jpeg?updatedAt=1711897545451,Oriental Perfume & Lite Fragrance
280,Arab Perfume,799,https://ik.imagekit.io/indueo3hy/cosmotics/Ard%20Al%20Zaafaran%20Dirham%20Oud%20Oriental%20Muky%20Sandalwood%20100ml%20Edp%20Unisex.jpeg?updatedAt=1711897546047,Oriental Perfume & Lite Fragrance
281,Floral Perfume,786,https://ik.imagekit.io/indueo3hy/cosmotics/15%20Fragrances%20for%20Spring%20That%20Aren't%20All%20Florals.jpeg?updatedAt=1711897928068,Fragrance
282,Floral Perfume,800,https://ik.imagekit.io/indueo3hy/cosmotics/Viktor%20&%20Rolf%20Flowerbomb%20Eau%20de%20Parfum.jpeg?updatedAt=1711898129254,Fragrance
283,Loreal Cream,399,https://ik.imagekit.io/indueo3hy/cosmotics/9%20Best%20L'Oreal%20Skin%20Care%20Products%20(2024)_%20Dermatologist-Approved.jpeg?updatedAt=1712079225347
284,Loreal ELive Lipstick,899,https://ik.imagekit.io/indueo3hy/cosmotics/9%20Best%20L'Oreal%20Skin%20Care%20Products%20(2024)_%20Dermatologist-Approved%20(1).jpeg?updatedAt=1712079224657
285,Loreal Cream,299,https://ik.imagekit.io/indueo3hy/cosmotics/Night-time%20Anti-ageing%20Serum%20L'Oreal%20Make%20Up%20Age%20Perfect%2030%20ml.jpeg?updatedAt=1712079419587
286,Loreal Hair Serum,200,https://ik.imagekit.io/indueo3hy/cosmotics/Top%20Models'%20Secrets%20Revealed.jpeg?updatedAt=1712079419204
287,Cetaphil Lip bam,300,https://ik.imagekit.io/indueo3hy/cosmotics/Cetaphil%20US%20(1).jpeg?updatedAt=1712080010161
288,Cetaphil FaceWash,400,https://ik.imagekit.io/indueo3hy/cosmotics/Cetaphil%20US.jpeg?updatedAt=1712080010800
289,Cetaphil HandWash,500,https://ik.imagekit.io/indueo3hy/cosmotics/Cetaphil%20Gentle%20Skin%20Cleanser%20500mL.jpeg?updatedAt=1712080010925 
290,Cetaphil FaceSerum,430,https://ik.imagekit.io/indueo3hy/cosmotics/PRO%20AC%20Control%20Hidratante%20FPS%2030.jpeg?updatedAt=1712080395078 
291,Jaguar perfumes,300,https://ik.imagekit.io/indueo3hy/cosmotics/Jaguar%20For%20Men%20By%20Jacuar%20Fragrances%203_4%20Fl%20Oz%20_%20100%20Ml%20Edt%20Spray%20Sealed%20Box.jpeg?updatedAt=1712112531941,Fragrance
292,Jaguar Perfumes,350,https://ik.imagekit.io/indueo3hy/cosmotics/Perfumy%20M%C4%99skie%20Jaguar%20Vision%20III%20EDT%20100%20ml.jpeg?updatedAt=1712113644704,Fragrance
293,Jaguar Perfumes,900,https://ik.imagekit.io/indueo3hy/cosmotics/Jaguar%20Gold%20In%20Black%20by%20Jaguar%20Eau%20De%20Toilette%20Spray%203_4%20oz%20for%20Men.jpeg?updatedAt=1712112531902,Fragrance
294,Guess Perfumes,350,https://ik.imagekit.io/indueo3hy/cosmotics/Guess%20Forever%20by%20Guess%20-%20(2_5%20oz)%20Women's%20Eau%20De%20Parfum%20Spray.jpeg?updatedAt=1712113035463,Fragrance
295,Guess Perfumes,250,https://ik.imagekit.io/indueo3hy/cosmotics/Introducing%20GUESS%20Mens%20GUESS%20Man%2025%20oz_%20Great_.jpeg?updatedAt=1712113035452,Fragrance
296,Guess Perfumes,550,https://ik.imagekit.io/indueo3hy/cosmotics/Men's%20Perfume%20Guess%20EDT%20By%20Marciano%20100%20ml.jpeg?updatedAt=1712113035323,Fragrance
297,Guess Perfumes,650,https://ik.imagekit.io/indueo3hy/cosmotics/Parfum%20Femme%20Guess%20EDT%20Seductive%20Charm%2075%20ml.jpeg?updatedAt=1712113035353,Fragrance
298,Guess Perfumes,400,https://ik.imagekit.io/indueo3hy/cosmotics/Guess%20Seductive%20RED%20FOR%20Women%208_4%20OZ%20Fragrance%20Mist.jpeg?updatedAt=1712113035197,Fragrance
299,School Bag,550,https://ik.imagekit.io/indueo3hy/toys/Waterproof%20Girls%20Bookbag%20Teen%20Shool%20Bag%20High%20Capacity%20Women%20School%20Backpacks%20College%20Bag%20Laptop%20Preppy%20Backpack%20Black%20Mochila%20-%20Black%20_%2033Lx13Wx44H%20cm.jpeg?updatedAt=1712161489604
300,Trendy School Bags,660,https://ik.imagekit.io/indueo3hy/toys/2017%20Back-to-School%20Popular%20Backpacks%20For%20Teens%20&%20Tweens%20-%20Baby%20to%20Boomer%20Lifestyle.jpeg?updatedAt=1712161490486
301,Girls School Bag,400,https://ik.imagekit.io/indueo3hy/toys/Qyoubi%20Canvas%20Fashion%20Backpacks%20Purse%20Casual%20Outdoor%20Shopping%20Daypacks%20Sports%20Rucksack%20Hiking%20Travel%20Multipurpose%20Bag%20Khaki.jpeg?updatedAt=1712161490842
302,School Bag,600,https://ik.imagekit.io/indueo3hy/toys/Aesthetic%20School%20Backpacks%20for%20Teens%20Girls%20Waterproof%20Student%20Bookbags%20College%20Boys%20Preppy%20School%20Bag%20Travel%20Mochila%20Men%20Backpack%20-%20Yellow%20_%2029Lx12Wx42H%20cm.jpeg?updatedAt=1712161490376
303,Digital Slate,340,https://ik.imagekit.io/indueo3hy/toys/ToyMagic%20Multi-Coloured%20LCD%20Writing%20Tablet%209%20inch_Educational%20Learning%20Pad_Drawing%20Tablet_Erasable%20Magic%20Slate_Digital%20Notepad%20for%20Kids%203+_Birthday%20Return%20Gifts_Scribbling%20Activity%20Tab_Made%20in%20India.jpeg?updatedAt=1712161721969,Learning Toys
304,Mathematical Toys,500,https://ik.imagekit.io/indueo3hy/toys/Wood%20Counting%20Toy.jpeg?updatedAt=1712161721818,Learning Toys
305,Learn With fun Talking,390,https://ik.imagekit.io/indueo3hy/toys/Preschool%20Educational%20Machine%20Early%20Learning%20Educational%20Toy%20For%20S%20Age%202-6%20Boys%20Girls%2056%20Pcs%20Talking%20Flashcards%20See%20And%20Spell%20Learning%20Toy%20Recognition%20Game%20Interactive%20Books%20For%20Kids%20(S).jpeg?updatedAt=1712161722701,Learning Toys
306,Mini Doll,550,https://ik.imagekit.io/indueo3hy/toys/Apricot%20Lamb%20Toys%20Plush%20Gray%20Plush%20Koala%20Stuffed%20Animal%20Soft%20Cuddly%20Perfect%20for%20Child%20_Gray%20Plush%20Koala_8%20Inches.jpeg?updatedAt=1712161545717
307,Bear Doll,800,https://ik.imagekit.io/indueo3hy/toys/Aurora%20Softie%20Collection%209_%20Softie%20Bear%20Brown%20Stuffed%20Animal.jpeg?updatedAt=1712163786605
308,Soft Doll,800,https://ik.imagekit.io/indueo3hy/toys/Jellycat%20Fuddlewuddle%20Dragon%20Stuffed%20Animal.jpeg?updatedAt=1712163786770
309,Cute Lion Doll,890,https://ik.imagekit.io/indueo3hy/toys/Aurora%C2%AE%20Cuddly%20Lion%20Stuffed%20Animal%20-%20Cozy%20Comfort%20-%20Endless%20Snuggles%20-%20Brown%2014%20Inches.jpeg?updatedAt=1712164062928
310,Classmate Notebook,80,https://ik.imagekit.io/indueo3hy/toys/Modern%20Clipfolio.jpeg?updatedAt=1712161925153
311,Spiral Notebook,120,https://ik.imagekit.io/indueo3hy/toys/stagionery.jpeg?updatedAt=1712161925536
312,Pens 4 Pieces,180,https://ik.imagekit.io/indueo3hy/toys/Sharpie%202096174%20S-Gel%20Assorted%20Ink%20with%20Black%20(1).jpeg?updatedAt=1712164285215
313,Classmate Ball pen,50,https://ik.imagekit.io/indueo3hy/toys/Uni-ball%20Signo%20UM-153%20White%20Gel%20Pen.jpeg?updatedAt=1712164381969
314,Remote Control Car,349,https://ik.imagekit.io/indueo3hy/toys/Remote%20Control%20Car%20Toy%20Super%20Gift%20Box%20Charging%20Version%20-%20Silver%20_%20Battery%20version.jpeg?updatedAt=1712165147889
315,Remote Control Car,569,https://ik.imagekit.io/indueo3hy/toys/KidiRace%20Remote%20Control%20Police%20Car%20Toy%20with%20Lights%20and%20Sirens%20for%20Boys%20-%20Rechargeable%20Cop%20Car%20-%20Durable%20RC%20Police%20Car%20Toy%20for%20Kids%203%20Years%20and%20Up.jpeg?updatedAt=1712165146666
316,Remote Control Jcb,450,https://ik.imagekit.io/indueo3hy/toys/fisca%20Remote%20Control%20Excavator%20RC%20Construction%20Vehicles%2015%20Channel%202_4G%20Full%20Function%20Digger%20Toys%20with%20Metal%20Shovel%20Sound%20and%20Lights.jpeg?updatedAt=1712165335087
317,Remote Control Helicopter,900,https://ik.imagekit.io/indueo3hy/toys/Suspension%20RC%20Helicopter%20Drop-resistant%20Induction%20Suspension%20Aircraft%20-%205Blue%20control.jpeg?updatedAt=1712165431664
318,Baby Beds,8000,https://ik.imagekit.io/indueo3hy/toys/Amormio%20-%20Mammamia%20by%20Foppapedretti.jpeg?updatedAt=1712200403172
319,Baby Beds,3000,https://ik.imagekit.io/indueo3hy/toys/Foldable%20Baby%20Crib%20Playpen%20w_%20Mosquito%20Net%20and%20Bag-Pink.jpeg?updatedAt=1712200404375
320,Baby Beds,9000,https://ik.imagekit.io/indueo3hy/toys/5%20In%201%20Portable%20Baby%20Rocking%20Bassinet%20Multi-Functional%20Crib%20W_%20Canopy%20Music%20Toys.jpeg?updatedAt=1712200622951
321,Baby Beds,13000,https://ik.imagekit.io/indueo3hy/toys/15%20necessities%20when%20you%20have%20a%20Newborn%20-.jpeg?updatedAt=1712200622950
322,Jonson and Jonson Baby lotions,190,https://ik.imagekit.io/indueo3hy/toys/Soothing%20&%20smells%20great%20on%20little%20kiddies_.jpeg?updatedAt=1712201286623
323,Jonson and Jonson Baby lotions,300,https://ik.imagekit.io/indueo3hy/toys/JOHNSON'S%20Baby%20Essential%20-%20Baby%20Bedtime%20Bath_.jpeg?updatedAt=1712201286269
324,Cetaphil Baby lotions,400,https://ik.imagekit.io/indueo3hy/toys/Cetaphil%20Baby%20Shampoo%20and%20Body%20Wash.jpeg?updatedAt=1712201286590
325,Paddy Baby lotions,300,https://ik.imagekit.io/indueo3hy/toys/Paddys%20Bathroom.jpeg?updatedAt=1712201507195
326,Jonson and Jonson baby Soaps,100,https://ik.imagekit.io/indueo3hy/toys/Johnson's%20Baby%20Soap%20Twin%20Pack.jpeg?updatedAt=1712201677387
327,Jonson and Jonson baby Soaps,90,https://ik.imagekit.io/indueo3hy/toys/Johnson's%20Baby%20Riegel%20-%2089ml.jpeg?updatedAt=1712201677290
328,Jonson and Johnson Baby Soap,50,https://ik.imagekit.io/indueo3hy/toys/Johnson_s_Baby_Soap_Twin_Pack__1_-removebg-preview.png?updatedAt=1712207692397
329,Jonson and Jonson Baby Oil,160,https://ik.imagekit.io/indueo3hy/toys/Shea___Cocoa_Butter_Baby_Oil-removebg-preview.png?updatedAt=1712207780421
330,Jonson and Johnson Baby Lotion,190,https://ik.imagekit.io/indueo3hy/toys/Johnson_s_Baby_Milk___Rice_Lotion__200Ml__White-removebg-preview.png?updatedAt=1712207867763
331,Jonson and Johnson Baby Wash,290,https://ik.imagekit.io/indueo3hy/toys/Johnson_s_Tear_Free_Skin_Nourishing_Baby_Wash_With_Vanilla___Oat_Extract_27_1_oz__Pack_of_2_-removebg-preview.png?updatedAt=1712207957597
332,Johnson and Johnson Baby shampoo,200,https://ik.imagekit.io/indueo3hy/toys/Baby_Cologne-removebg-preview.png?updatedAt=1712207957398
333,Action Toy,240,https://ik.imagekit.io/indueo3hy/toys/action.png?updatedAt=1712210513013
334,Digital Slate,300,https://ik.imagekit.io/indueo3hy/toys/lcd.png?updatedAt=1712210541315
335,Baby Beds,9000,https://ik.imagekit.io/indueo3hy/toys/baby%20beds.png?updatedAt=1712210518976
336,Jeep Toys,120,https://ik.imagekit.io/indueo3hy/toys/remote.png?updatedAt=1712210564259
337,Pencil Box,120,https://ik.imagekit.io/indueo3hy/toys/Saamarth%20Impex%20Pink%20Pencil%20Box.jpeg?updatedAt=1712213671075
338,Pencil Box,200,https://ik.imagekit.io/indueo3hy/toys/Saamarh%20Impex%20Pink%20Pencil%20Box.jpeg?updatedAt=1712213670924
339,Pencil Pouches,120,https://ik.imagekit.io/indueo3hy/toys/Cyflymder%204th%20floor%20pencil%20case%20Colorful%20Kawaii%20estuche%20escolar%20pencilcase%20trousse%20scolaire%20stylo%20pen%20case%20pencil%20box%20stationery%20-%202th%20floor%20blue.jpeg?updatedAt=1712213671024
340,Water bottle,200,https://ik.imagekit.io/indueo3hy/toys/Owala%20FreeSip%20Insulated%20Stainless%20Steel%20Water%20Bottle%20with%20Straw.jpeg?updatedAt=1712214503036
341,Water bottle,400,https://ik.imagekit.io/indueo3hy/toys/customstickerbomb_com.jpeg?updatedAt=1712214502717
342,Water bottle,450,https://ik.imagekit.io/indueo3hy/toys/Custom%20name%20stainless%20steel%20water%20bottle.jpeg?updatedAt=1712214502750
343,Lunch Box,300,https://ik.imagekit.io/indueo3hy/toys/Portable%20Rectangular%20Lunch%20Box%20Double%20Plastic%20Health%20Material%20Bento%20Box%201200ml%20-%20B%20Cup.jpeg?updatedAt=1712220493247
344,Lunch Box,400,https://ik.imagekit.io/indueo3hy/toys/Yumbox%20Presto%20-%20Rose%20Pink.jpeg?updatedAt=1712220493274
345,Designed Launch box,230,https://ik.imagekit.io/indueo3hy/toys/Strawberry%20Double-layer%20Food%20Grade%20Plastic%20Lunch%20Box%20-%201511888%20Cm%20_%20Red.jpeg?updatedAt=1712220493367
346,Launch Box,190,https://ik.imagekit.io/indueo3hy/toys/American%20Stars%20Bento%20Lunch%20Box.jpeg?updatedAt=1712220493532
347,Classy Sketch Pencils,230,https://ik.imagekit.io/indueo3hy/toys/Opened%20Metallic%20Box%20w_%20Pencils%20Mockup.jpeg?updatedAt=1712221249493,Art Kits
348,Classy Sketch Pencils,300,https://ik.imagekit.io/indueo3hy/toys/Opened%20Glossy%20Box%20w_%20Pencils%20Mockup.jpeg?updatedAt=1712221249399,Art Kits
349,Water Paint,200,https://ik.imagekit.io/indueo3hy/toys/Crumpled%20Paper%20Art%20for%20Kids%20Inspired%20by%20Ish.jpeg?updatedAt=1712221318733,Art Kits
350,Water Paint set,300,https://ik.imagekit.io/indueo3hy/toys/Daler%20Rowney%20Aquafine%20Watercolour%20Travel%20Set%2024.jpeg?updatedAt=1712221318699,Art Kits
351,Faber Castel Crayons,340,https://ik.imagekit.io/indueo3hy/toys/Crayons%20de%20couleur%20-%20coloriage%20-%2024%20couleurs%20-%20faber-castell%20-%20color%20grip.jpeg?updatedAt=1712221661097,Art Kits
352,Cayon Pencils,400,https://ik.imagekit.io/indueo3hy/toys/Staedtler%2024%20Coloring%20Pencils.jpeg?updatedAt=1712221831979,Art Kits
353,Dell XPS 15 9530 2023 Business Laptop,60000,https://ik.imagekit.io/pve74zqrg/Dell%20XPS%2015%209530%202023%20Business%20Laptop%2015_6_.jpeg?updatedAt=1712596867583,8GB Ram ,512GB Storage,1 Year Warranty